,FR-CRC,AT-CRC,CN-CRC,US-CRC,DE-CRC,LOSO
CCIS00146684ST-4-0,0.29312364766730525,0.13449996973924253,0.1518396666758201,0.21623973570690871,0.24576522940868425,0.14492941702400422
CCIS00281083ST-3-0,0.47840565785161815,0.1633237060132884,0.16504451293969968,0.4936672214609785,0.6363873876202316,0.22086911730327172
CCIS02124300ST-4-0,0.5948526403635815,0.8407341388776609,0.33567337235615197,0.3348479637573209,0.51104085047548,0.34298645395761734
CCIS02379307ST-4-0,0.5917607797331468,0.8284692518521607,0.8678830324332137,0.6372447017764538,0.9780702014564484,0.985589026868699
CCIS02856720ST-4-0,0.3504322011483775,0.5402948926033164,0.6258002548860769,0.5133428277484767,0.8184715308521856,0.8659530385312256
CCIS03473770ST-4-0,0.21407773918559497,0.4646109848996149,0.46953593878249655,0.12827535532499246,0.05987800476370177,0.2476388602252672
CCIS03857607ST-4-0,0.23399446248535152,0.7168075252848587,0.12723391220411157,0.2980617460086431,0.07101652773127655,0.11538519340205323
CCIS05314658ST-4-0,0.1729600544252985,0.19781248060536957,0.05354350237975147,0.48664838125551835,0.08798752477821419,0.2633994103099193
CCIS06260551ST-3-0,0.8606167465976166,0.8172448225724757,0.8429451360774906,0.5512693203316408,0.9743883091321227,0.8841646565968521
CCIS07277498ST-4-0,0.35081201353753644,0.7599212713247171,0.26932130489496503,0.331466347641026,0.2108033298288724,0.6629193853502591
CCIS07539127ST-4-0,0.31743848636227057,0.8353659082049288,0.27367263683790793,0.2292947614008134,0.27404213346809253,0.19808091387462395
CCIS07648107ST-4-0,0.5792672573093238,0.21355887795385217,0.24497474801285102,0.40740959709243624,0.6466817504980702,0.08860604732673097
CCIS09568613ST-4-0,0.18178298983985894,0.3155656947417838,0.46543788991858226,0.22397865669247433,0.09497263346306081,0.07020215155719095
CCIS10706551ST-3-0,0.14016740529940472,0.28097810966400416,0.053924286889020956,0.33180705840332764,0.18781711958101893,0.1764771657744796
CCIS11015875ST-4-0,0.9303862140933035,0.9705225698793059,0.8507202192904456,0.5824687387531647,0.9744406623957352,0.9892107842937007
CCIS11354283ST-4-0,0.4218298587859155,0.5852071801573151,0.1301016308270798,0.5721439400783329,0.5626223433664495,0.5541236881761824
CCIS11362406ST-4-0,0.20476428232983088,0.8586901755696748,0.1871819648978093,0.5514915262646557,0.575659502129427,0.856900401797045
CCIS11558985ST-4-0,0.45025382442098394,0.5126370842194794,0.25180112691862555,0.5417961335217722,0.3653756840351516,0.6190329380999248
CCIS12370844ST-4-0,0.4670745191941811,0.5421837033945326,0.7462644250848289,0.36953878230719833,0.895301386064034,0.7190083575534767
CCIS12656533ST-4-0,0.9466687672453755,0.7972588696738568,0.8468350687448891,0.2928404760265311,0.9654863937195479,0.8380581401322575
CCIS13047523ST-4-0,0.10122018439351432,0.3740559646062034,0.3285393151686325,0.3141106937204968,0.36844601766998025,0.07867434520017944
CCIS14449628ST-4-0,0.9041644927603076,0.9848497492120295,0.9587979395000943,0.6884797296965965,0.9905833066503611,0.9929958148519957
CCIS15704761ST-4-0,0.8836632264336304,0.7967887428537872,0.9430068800203797,0.38691011841917755,0.9885382480254796,0.8535297462322934
CCIS15794887ST-4-0,0.3223399784803503,0.2678814650651069,0.47011495696557676,0.3566917181847661,0.5040117903831682,0.5845887352057826
CCIS16326685ST-4-0,0.9362596687076967,0.9887923861850743,0.7346876789052488,0.2982765612824193,0.7698168062293368,0.8977302695900223
CCIS16383318ST-4-0,0.21129208464190893,0.8043680990072121,0.7262905314229994,0.5246744333190959,0.6527648295694315,0.599957639931985
CCIS16561622ST-4-0,0.22148547799264579,0.5355180848550077,0.29522178803890653,0.40018773717969897,0.41289338887861377,0.35910056892302517
CCIS17669415ST-4-0,0.3349404994147584,0.837174895277434,0.6625960449099593,0.4525674261740412,0.9298021204211594,0.5567816156573185
CCIS20795251ST-4-0,0.47857797653211165,0.05546974561542039,0.3746226318128417,0.22030290844971112,0.06481877601903104,0.1471095859170345
CCIS21126322ST-4-0,0.20558202488399932,0.11568154903840018,0.04722524008566146,0.1543832323618386,0.16015634816146668,0.11369917536252906
CCIS21278152ST-4-0,0.8476082872270154,0.9878737239333569,0.7277263449446032,0.40258028882223196,0.9455057366580707,0.9118697752286234
CCIS22416007ST-4-0,0.6421088473778189,0.5641676075215224,0.8904911942151762,0.5554823397156365,0.7532800849798182,0.9117443995944349
CCIS22958137ST-20-0,0.5231575773928777,0.4680948680560163,0.73495436887057,0.6447377964645181,0.984270980119201,0.8764560772000163
CCIS23164343ST-4-0,0.3363249396965423,0.04614863396165856,0.1552762241950101,0.1247197258254436,0.18640615407093025,0.1089744704634321
CCIS24254057ST-4-0,0.9523298615973321,0.7385880722314904,0.9353947671273949,0.48134145362234665,0.9973837686613919,0.8930094209910857
CCIS27304052ST-3-0,0.1946852187417905,0.049903986254998985,0.16667359746225,0.10245266723748653,0.06007977328229049,0.010387042671089506
CCIS27927933ST-4-0,0.44213727492301746,0.030424458216944877,0.8571189015893479,0.24998250079001513,0.7234052453288425,0.5579243007901978
CCIS29210128ST-4-0,0.8777410340162847,0.14084304373834564,0.430774056400062,0.3922941682284795,0.8506410763719432,0.20508064003524143
CCIS29688262ST-20-0,0.06742387561489359,0.20671749460100317,0.3626156310217379,0.3050186334988045,0.823788836530852,0.4620301121931998
CCIS32452666ST-4-0,0.3455098876743705,0.3046600155793953,0.19503971107481796,0.28331900967598983,0.3275422000533618,0.16753381316443974
CCIS33816588ST-4-0,0.9829873709264835,0.999973128465511,0.911884643810995,0.7006337592464654,0.9996153847260367,0.9976091786486728
CCIS34055159ST-4-0,0.6740490872555174,0.8816700242108025,0.7376037291957654,0.4312318856004818,0.7021835872935475,0.765369121538238
CCIS34604008ST-4-0,0.24163977708676726,0.18054232250890773,0.32161104002870977,0.44659104367591806,0.5983505675492831,0.3527601092304774
CCIS35100175ST-4-0,0.7949383549384289,0.9668812590791945,0.9740870350004033,0.7622877506308898,0.9595591228586857,0.9835270886592488
CCIS36699628ST-4-0,0.06972010585032914,0.16542424173520107,0.20275664176288047,0.4035918772377811,0.5254121628252264,0.16706178902933372
CCIS36797902ST-4-0,0.49875220999805103,0.9854590519822227,0.8142324110691425,0.5793833975606956,0.8384210857469245,0.7390073766626926
CCIS38765456ST-20-0,0.9575077773935154,0.9226836838229013,0.8622563633931261,0.3095268969997451,0.9749233620793104,0.8340215985281167
CCIS40244499ST-3-0,0.617702201944607,0.8978216551202772,0.8740428358382004,0.6789390897305773,0.980694215459909,0.9558805476937756
CCIS41222843ST-4-0,0.0960372507957819,0.28298235328000226,0.461439834132281,0.2772013907053055,0.7430422384959551,0.660148306964851
CCIS41288781ST-4-0,0.7136097675115307,0.16041899509820248,0.75808710021113,0.5222409190259384,0.8726594913494842,0.5053716744723861
CCIS41548810ST-4-0,0.3529053457598615,0.400405863232381,0.6264588842470233,0.5621101083489997,0.9475790933643196,0.8488546689325239
CCIS41692898ST-4-0,0.22017540973099203,0.6592591746088469,0.207878440712145,0.5113149135223414,0.2373075990672793,0.5005087087848696
CCIS44093303ST-4-0,0.5260746413859199,0.7073695559660839,0.5959425118117121,0.4854635817695774,0.9548225128009985,0.4804053450336825
CCIS44757994ST-4-0,0.9684722802681188,0.8717644842535488,0.43744012936653387,0.33145104727178937,0.9731952331016824,0.5772212865127082
CCIS45571137ST-3-0,0.17551223654011805,0.2783554298329076,0.36211256556581517,0.40429353484959557,0.2115632925115499,0.5005731868683525
CCIS45793747ST-4-0,0.6514415203013677,0.8634431885706039,0.7168265103395732,0.4639950094831491,0.48369585207721605,0.5245158639052128
CCIS46047672ST-4-0,0.7591334834905872,0.6910936253306232,0.8392745922976989,0.43834554474890997,0.9593135488510065,0.8995564570327381
CCIS46467422ST-4-0,0.09633807972745974,0.10955916388466576,0.17607769412862248,0.3462184655180241,0.8163572187873042,0.4056844151983899
CCIS47284573ST-4-0,0.1394891436010952,0.35386916175910965,0.4528360233280327,0.30385266611960166,0.1997733896472473,0.1866710828369483
CCIS48174381ST-4-0,0.2059578317015458,0.144249110485208,0.12719426997534086,0.526586407006397,0.4187776472051589,0.20627432603739707
CCIS48725289ST-4-0,0.13795944951693576,0.10876931127441192,0.16337083632650667,0.31395472656393064,0.4599507569577305,0.3219840714087922
CCIS50003399ST-4-0,0.04853272663700599,0.04023550957834292,0.14664677439850324,0.33757216621070163,0.3976029020850364,0.15929493288594765
CCIS50148151ST-4-0,0.8175968149410545,0.5766860959408335,0.7859904842008283,0.5920473803240148,0.974678383099203,0.8391887592912605
CCIS50471204ST-4-0,0.20701956299266255,0.8013234993622682,0.6628503941684267,0.32154194697806693,0.7104884330858096,0.6767045393360499
CCIS51595129ST-4-0,0.22367376848404966,0.011207943159529773,0.028376572635749126,0.19653422278049984,0.05949352180073722,0.059927818066398755
CCIS52370277ST-4-0,0.5463757870282943,0.855719041102581,0.8895287441931865,0.6319298885940031,0.9710185931365453,0.9538370188405911
CCIS53043478ST-4-0,0.6889846500436821,0.9919495329383816,0.8656802669539079,0.6845860903278268,0.9259726761429107,0.9604635457424117
CCIS53355328ST-4-0,0.6207419103270803,0.5331283953396647,0.562376604475829,0.35665054009296504,0.9149209668497958,0.4643295595206998
CCIS55230578ST-4-0,0.5260619222515626,0.9625278440755565,0.6623548318157172,0.4830045689750431,0.6013252006510249,0.8869371404903259
CCIS58234805ST-4-0,0.6783906499572743,0.9861797226349623,0.9713831520499829,0.7702268844497148,0.9926230853290909,0.9964442699157102
CCIS59132091ST-4-0,0.268842708704826,0.2828883171660063,0.3534393781660668,0.20792250554023917,0.11836133373310395,0.22057241296164526
CCIS61287323ST-4-0,0.3064480655938194,0.9698586590413849,0.7679632592595048,0.5178032275790683,0.7956050401585492,0.8774894827369359
CCIS62605362ST-3-0,0.7232109974976526,0.19749950478776454,0.5870295842805819,0.382738584678751,0.27914511669549913,0.41906033113660696
CCIS62794166ST-4-0,0.7604248608221454,0.606667144582791,0.3150516766161195,0.4650970015264199,0.781541214712108,0.4200927841560546
CCIS63448910ST-4-0,0.5349385988049138,0.14779928615351645,0.2542503821132972,0.2767556480023225,0.9643632916883468,0.2224009855334681
CCIS63468405ST-4-0,0.672987292302355,0.4347433289353585,0.2032621654537483,0.40906127935535463,0.24719317284459028,0.40254907319263644
CCIS63910149ST-4-0,0.1552174308660679,0.290492272483779,0.1338972456705325,0.26148802432548107,0.06367521336632746,0.11925292623822112
CCIS64773582ST-4-0,0.3054031618815403,0.6416925059078622,0.21679983885957435,0.33770340757148215,0.1312814146512567,0.2805592641986872
CCIS64785924ST-20-0,0.2113781196298003,0.21416454739763469,0.4192472233418121,0.27247262357231716,0.8198602770717006,0.40738557034983
CCIS65479369ST-4-0,0.9690836498733763,0.9535147075416928,0.9260551902611964,0.5734090426866151,0.982987552956966,0.9046796237792978
CCIS71301801ST-4-0,0.7581386142081128,0.7663829923448259,0.4785566457570181,0.6508385209650726,0.8986910278886838,0.7849428653459025
CCIS71578391ST-4-0,0.19318178070617995,0.6437460467072661,0.3070669115178824,0.4324056078992881,0.3006104748120951,0.5455583822859827
CCIS72607085ST-4-0,0.4031452625487136,0.25608823101026856,0.5025972708273995,0.2681398871267542,0.436458139877409,0.2862358020673873
CCIS74239020ST-4-0,0.21471801057030393,0.014008794654386274,0.14399229456920468,0.2614135523595596,0.2683491360747113,0.1510994105070086
CCIS76845094ST-20-0,0.8150966073387295,0.8095377935780901,0.9085340552360537,0.590844076008911,0.9568574842498809,0.9755939787983182
CCIS77252613ST-4-0,0.16504497669511856,0.8162534985997164,0.40781554463981606,0.34708537916662874,0.8562379822179129,0.6764968666846732
CCIS78100604ST-4-0,0.19849134176094307,0.30150386998484674,0.37079840807746595,0.2579987515778175,0.6051718383938425,0.10081613173375974
CCIS78318719ST-4-0,0.8913119151541858,0.8111717325798657,0.8974885468256663,0.25001668515794456,0.7493065277161676,0.8296543140490313
CCIS79210440ST-3-0,0.7369628149857956,0.9040110389733246,0.45555811756339276,0.49818927355562714,0.8674075271006186,0.4677301964490684
CCIS80834637ST-4-0,0.10274559419701242,0.4321344855671052,0.7531305600569705,0.5670995943705724,0.1832968333533611,0.916751323058896
CCIS81139242ST-4-0,0.06817639026896155,0.04254012824312093,0.481648903050481,0.19685085116225964,0.6998094624349799,0.22942987647633292
CCIS81887263ST-4-0,0.686400823768948,0.43320697741806513,0.5686461334721895,0.3498504590320956,0.9425245222119745,0.8682688463438524
CCIS82146115ST-4-0,0.33086601023849455,0.12630597739293284,0.3828200649506495,0.4482194964540995,0.17206963192463762,0.3981322451901813
CCIS82507866ST-3-0,0.14194360168678893,0.03638616086654473,0.08376242253478264,0.24894171979932972,0.17307850393151197,0.14752099240907462
CCIS82944710ST-20-0,0.15133630172041454,0.2022750292473028,0.40965875697770354,0.1989463521746355,0.4875469226238663,0.2845848344506409
CCIS83870198ST-4-0,0.7316664184168901,0.23192957009809437,0.40921387073695903,0.29465218111143654,0.4686398683084459,0.6442622828962222
CCIS84543192ST-4-0,0.5775378368556925,0.9098278190669478,0.507450382906308,0.5161488158968734,0.7811149679897946,0.5413792650562756
CCIS85214191ST-3-0,0.8238385567434054,0.2650098927965264,0.880751712830546,0.5044065176094281,0.995998907459031,0.8382220227718421
CCIS87116798ST-4-0,0.8341539567225855,0.9694521760204347,0.8798429056809182,0.4495199463220927,0.5294423479647117,0.7676035148349016
CCIS87167916ST-4-0,0.9521627768260039,0.9156559301852957,0.9354626123442888,0.73909072457218,0.9773955486566686,0.9832053034592996
CCIS87252800ST-4-0,0.8204896884203581,0.5695798450159261,0.7046284754619043,0.7036849203792674,0.9141627454145983,0.679452608323409
CCIS87605453ST-4-0,0.5927766999464914,0.19266086196652651,0.26452249320912746,0.33342469421844045,0.26115985754093995,0.08510786211935853
CCIS88007743ST-4-0,0.43332208678236717,0.042534534396518525,0.7994927192338613,0.6265040095636859,0.47654147784960527,0.4376991992618213
CCIS88317640ST-4-0,0.6193651908243256,0.9088910837299141,0.796281088006562,0.5063084152394622,0.08945910141348744,0.5888116707036893
CCIS90164298ST-4-0,0.1287576721397085,0.14526752165740398,0.255707134848616,0.2381424474966724,0.13204222752394332,0.023168712591158304
CCIS91228662ST-4-0,0.7315433221073102,0.8258447540147369,0.5291971044325234,0.5735218566787037,0.8057961246100764,0.5797131180646158
CCIS93040568ST-20-0,0.2522638332389763,0.44708771417502075,0.7262943031714248,0.32374602336575736,0.9771313647946107,0.4953454333234493
CCIS94417875ST-3-0,0.18050391780657332,0.6339674178324787,0.38330648393871236,0.1803540989302929,0.17306275423960557,0.403676061936196
CCIS94603952ST-4-0,0.10496145130047477,0.5166657818404191,0.10230029095968775,0.272663905739572,0.10499809286233079,0.08041204622340192
CCIS95097901ST-4-0,0.4348541253395699,0.1723459960283269,0.6985294415342812,0.4846599574809726,0.36856589076349744,0.5369340147103523
CCIS95409808ST-4-0,0.13536603387901164,0.4389290468717314,0.7182445237246958,0.3633763655480277,0.24070354130640173,0.5472217041971565
CCIS98482370ST-3-0,0.1273653236395008,0.05495150930810748,0.10426616755455087,0.3629092280865305,0.3383642783771019,0.2088771164907299
CCIS98512455ST-4-0,0.3385466682925416,0.6185410191069852,0.1991630350115241,0.5572672070128654,0.7126776143435068,0.21026650780044087
CCIS98832363ST-4-0,0.10292918138524894,0.8949707261410105,0.2547642478985477,0.23089697304190582,0.34029646170917577,0.4392941232520008
CCMD10032470ST-11-0,0.2298813702354785,0.2971308239130201,0.11862374160555098,0.3435833173101797,0.07239032029221665,0.1912419592337602
CCMD10191450ST-11-0,0.698752855615796,0.007428736810231649,0.03481872483290319,0.3331500578886785,0.05831286303685228,0.062451510434178445
CCMD11006829ST-21-0,0.9772914964306162,0.9998949910799718,0.9541046751416821,0.6678820633543138,0.9904759774992122,0.9865809668862153
CCMD12232071ST-21-0,0.7527539100398053,0.6155573895855018,0.3476253338909225,0.3266710313515725,0.8369428612857494,0.39398905564116976
CCMD13071240ST-21-0,0.7256135135496843,0.40674125458463856,0.5539372846768483,0.46703375346657344,0.7438111474143644,0.34959201749611574
CCMD13934959ST-21-0,0.8637359569968555,0.8970162902775889,0.7985152688105313,0.535226551443154,0.8986129745871063,0.9033809776137695
CCMD14479708ST-21-0,0.5976181054532221,0.46005678484295226,0.8024091471899163,0.5221012323734355,0.9926808702935096,0.6195841903094497
CCMD15562448ST-11-0,0.6072390003380375,0.6871356612050343,0.13632280185653786,0.5037128130286598,0.1646301305673781,0.19396942258609431
CCMD17410933ST-11-0,0.10254884449159973,0.39081699096482014,0.04962909012584539,0.30897990922740487,0.10294512398946569,0.17119769155215972
CCMD18579000ST-11-0,0.4505074077987237,0.08416971522758115,0.4172985112083991,0.3084970967261097,0.3467977784316277,0.1682423637843862
CCMD18829815ST-11-0,0.4465089840427845,0.2702789467649277,0.15399542057645768,0.3635734115711663,0.36196841783747463,0.2905045964910453
CCMD18872694ST-21-0,0.5343353384258459,0.9867848821871104,0.505532361921344,0.6376343686040128,0.7811603503346889,0.6201351102278918
CCMD19168690ST-11-0,0.6488346906169592,0.824065702302872,0.4978506180069475,0.2591282599416808,0.9140634486025675,0.5526001190118698
CCMD19497912ST-21-0,0.9658136428345013,0.9056572947974453,0.9773446207182964,0.4386361324403364,0.9947962554970117,0.7319821946801218
CCMD21593359ST-11-0,0.9436453372247775,0.9896417332583202,0.9740653052635425,0.6990342465838613,0.9999958530476765,0.9646969298753965
CCMD21703880ST-11-0,0.8032645468309901,0.9866983386459515,0.9543344759590691,0.49140553315186863,0.9718748002836591,0.9279027991820787
CCMD22852639ST-11-0,0.6730694841695823,0.8594611583282482,0.15678298244251146,0.16499298192802275,0.35670795483719087,0.20397634077798119
CCMD23101338ST-21-0,0.26094285874614614,0.9107280982312027,0.5156889371955165,0.43502264921490114,0.653265130653353,0.5556897550102632
CCMD23541216ST-11-0,0.2355359414549112,0.0583381587042058,0.08181099397628462,0.16436047862946193,0.24870939240227896,0.050943436329924555
CCMD25475945ST-11-0,0.6635899681593066,0.5669383392683485,0.2581481557692103,0.4105071005780261,0.07311429705909625,0.5177213387866171
CCMD25511638ST-21-0,0.9113982459866391,0.7472150127980315,0.15856611492602551,0.3917029018740915,0.8544195083008483,0.7612888509770135
CCMD25963797ST-21-0,0.5933901170524363,0.372844907708056,0.23101109793125166,0.38291314967781476,0.9182227791814865,0.1832016278699177
CCMD26625622ST-11-0,0.3935200202126784,0.2463764574284054,0.21532136645709,0.4786311133188061,0.282960703360084,0.3948467230467059
CCMD26709089ST-21-0,0.35095380881623717,0.1360073375598845,0.6277726316113622,0.40719529333166277,0.7919395045159074,0.47312613812003806
CCMD26925580ST-21-0,0.43711865925346954,0.30645117078854006,0.18434440727826437,0.46684120632527815,0.6363441008695135,0.4694714224947902
CCMD27463710ST-11-0,0.7731638105427814,0.42612284512904824,0.5808470294753897,0.24674064513176006,0.8716215135237799,0.2389740242740198
CCMD27867141ST-11-0,0.17898448483420523,0.8228106461828718,0.17619243765901882,0.2319393367203562,0.06509405092611778,0.07397132416713222
CCMD28738636ST-11-0,0.14009038499977677,0.15617615164904677,0.10159593273713907,0.3071820177604553,0.2869032846594612,0.21080857035660594
CCMD29706695ST-11-0,0.30217358808419004,0.9668392847553791,0.16784093841394115,0.3031902680060832,0.11297939239506524,0.23094210462376294
CCMD30626189ST-11-0,0.09502152819778256,0.04307924215657439,0.30576968149686096,0.21821872140663712,0.28519572309051405,0.09570058003939602
CCMD30627121ST-11-0,0.5652735248273723,0.5652369513722847,0.5868845874340065,0.48080081102781796,0.8036621043606947,0.2322108802333502
CCMD31009081ST-11-0,0.17185252978506038,0.2551082410987383,0.18027236998922902,0.3150624308488822,0.0763354728566368,0.046122943072547946
CCMD31134579ST-11-0,0.272018848795856,0.7375991877423141,0.10390830250462536,0.1629824113001038,0.15862732222680792,0.038187581568590964
CCMD32288175ST-11-0,0.4553145262867427,0.049318156134545606,0.19740583175855336,0.25337295038106283,0.1983084974772735,0.09376953133586112
CCMD32965613ST-11-0,0.32565670185639733,0.2406139304136476,0.3518332192301293,0.37170363117102945,0.26158692853021515,0.23944298380862017
CCMD34381688ST-21-0,0.6697286865279479,0.46559832633244186,0.7369215026234293,0.40207246622722653,0.9629655805142038,0.3018481243223589
CCMD35081859ST-11-0,0.4767676265359934,0.18740296973170892,0.14233465270937085,0.30279094566798315,0.03768972871071281,0.15403347885299293
CCMD35633353ST-11-0,0.4608521963540552,0.7741150122354271,0.5732036926337012,0.3652192714551844,0.9750025171518125,0.6984733386595489
CCMD35801800ST-11-0,0.47708849450737056,0.878867518859028,0.3760895831315775,0.4235049929110692,0.5780789682496562,0.42644427996644474
CCMD35802077ST-21-0,0.5490071074659617,0.4469024819506799,0.3181548612952372,0.47505906114971885,0.7604537314848827,0.6247113033821649
CCMD37575804ST-11-0,0.1856918778740653,0.0959249694343963,0.1552562284779976,0.38427070036629163,0.050529026033762726,0.12291399760666365
CCMD38158721ST-11-0,0.5909783040353302,0.24188363712950894,0.28024183294524696,0.3195307124138067,0.05410167181301153,0.597851221583496
CCMD39157124ST-11-0,0.2730790900545999,0.11857722289078455,0.05485230285442478,0.4954751917401856,0.0218715920382086,0.12764414798314822
CCMD39882286ST-11-0,0.12373651419154555,0.671795008682809,0.4207139103351397,0.3966713043750468,0.878470300273951,0.12745569486214509
CCMD40701343ST-21-0,0.9200669295703139,0.9286949350296875,0.7772301270505338,0.2836784001441292,0.9810937148300859,0.8616335938225501
CCMD41202658ST-11-0,0.2657035214635392,0.6179049479138161,0.03748441397026471,0.4073698257533143,0.047648383857402665,0.08314333693949183
CCMD41521570ST-11-0,0.06889372281860374,0.12581721493120185,0.1230900489062601,0.5403040781002882,0.19048331094541354,0.1755221054927374
CCMD42428553ST-21-0,0.6313553895200891,0.9537029743033545,0.455213510534617,0.47060976687947614,0.8552790784573858,0.8434773275635241
CCMD42956136ST-11-0,0.6140398632459872,0.6524089874577158,0.9045560045118418,0.5143169408167457,0.973749301402553,0.8508095028865965
CCMD45004878ST-11-0,0.17404322005106984,0.4146077336123263,0.5141625303669516,0.36570040444842095,0.026036777815550062,0.6267077532542401
CCMD45812507ST-11-0,0.3368721218932507,0.038398909387090556,0.1811227892259946,0.43744049786530187,0.04649553971436626,0.2836069838694016
CCMD45988061ST-21-0,0.8722847899050117,0.9453411505872026,0.6838067474727738,0.494483642850795,0.7402209340470531,0.9184872535440037
CCMD46222674ST-21-0,0.7006151125111679,0.540694076507503,0.4311345986864551,0.38396251511538537,0.4564444801586792,0.5984510573231692
CCMD46727384ST-11-0,0.8514044429142819,0.646140093092645,0.22012119204249253,0.24939523504631816,0.7451183176649833,0.45132957600062346
CCMD46947453ST-21-0,0.6982866014894707,0.28884476208525656,0.11635608720198753,0.30687898848719136,0.04366690676107801,0.44670262189228854
CCMD48236717ST-21-0,0.5456798766513061,0.858068638814185,0.39376657645101126,0.4682550993629422,0.0877106057783202,0.44178041841409427
CCMD49025643ST-11-0,0.6101273481719582,0.33603958112521765,0.2948252058839185,0.507672727761107,0.33922362812189233,0.5182868075185125
CCMD49461418ST-11-0,0.586254563434261,0.5824209443077831,0.379448685045269,0.41038556193380193,0.1155600543860299,0.3851000062925201
CCMD49942357ST-11-0,0.16549010358894303,0.3580506985091491,0.3344610860026098,0.2842453682789119,0.30826087797734997,0.23063354723149168
CCMD50071957ST-21-0,0.7244180756155755,0.9763372688844197,0.31781127487871824,0.6921618223063707,0.9823631806039368,0.790476097131855
CCMD50300306ST-11-0,0.4626694384845173,0.7456117883026782,0.43762317846973087,0.44862234255738187,0.15684675599409206,0.6774098676077478
CCMD50529145ST-11-0,0.610168132968775,0.6979834544050874,0.08152386691161266,0.19340382547377122,0.3549307270983178,0.11148049695067762
CCMD50538120ST-11-0,0.303148172329241,0.19037434678310108,0.0945065716028379,0.2509742763042266,0.11173407891939528,0.08510286729397845
CCMD51154251ST-11-0,0.8860675926335055,0.22255203673720872,0.11764372586273886,0.48484894027350217,0.23261169128698422,0.4160666236294191
CCMD51228890ST-11-0,0.4581977472688266,0.9264307757644197,0.04828784972109499,0.4109817759088834,0.09016195219844034,0.35858397751573334
CCMD51864103ST-21-0,0.15839195513107027,0.7822577369010213,0.7127679336277112,0.4874220927346458,0.9379322433892673,0.4995343441646298
CCMD52117727ST-11-0,0.6964811628925227,0.7676983120062354,0.565409316711141,0.3901295597187907,0.4599075800212681,0.5663218624755268
CCMD52145360ST-11-0,0.694704130649728,0.4347047302592535,0.47387692771435724,0.35726522058648397,0.7091980074983505,0.8072686393949373
CCMD53508245ST-11-0,0.7319356099077289,0.6735390618654319,0.18281200503117395,0.439209267365616,0.9003502602278661,0.3641974056713617
CCMD53522274ST-11-0,0.3689983538691199,0.16759355318476635,0.07209492897053113,0.20296279015849547,0.014904060400384464,0.035622414444287015
CCMD54057834ST-11-0,0.4879605905349099,0.5504906187945177,0.059839415587365684,0.3450405951148286,0.24030443700705312,0.2099572947444999
CCMD56948710ST-11-0,0.22547621270487697,0.6137366307913917,0.20159875081070872,0.20463908245867693,0.24109658410345514,0.13261961583987303
CCMD59540613ST-11-0,0.4325006729120899,0.5023227614961165,0.18307187083615858,0.4635665992848443,0.14715778189087136,0.24514842696396924
CCMD59583015ST-11-0,0.36693586466866523,0.16990655230250779,0.22258133696563953,0.29775929362261677,0.20833998697511963,0.21472609855365365
CCMD60079086ST-21-0,0.9010191275935084,0.7491319273064825,0.20212717509718148,0.4374906532061591,0.7981999009563309,0.5289981521958759
CCMD63399960ST-21-0,0.4282655960973891,0.4382511246566043,0.12666435996072323,0.4287627626849793,0.812293510339771,0.4105021964193102
CCMD64503764ST-21-0,0.9214979830079033,0.9522076453007751,0.9525559513153269,0.6392097761643385,0.9559910712170208,0.9343660504655797
CCMD64776337ST-21-0,0.6247594933780745,0.9693184335457145,0.7888287282651177,0.6219915139655159,0.8370921651218959,0.9264820632681885
CCMD65222621ST-11-0,0.8885722288781644,0.8060567225151059,0.44781001675851856,0.5959009431962519,0.9825507855987379,0.6602345767466493
CCMD65406197ST-11-0,0.5964235344664435,0.9027435290240639,0.8061280831827888,0.40096622764946477,0.9674868310782543,0.6175737039933406
CCMD66848156ST-11-0,0.4050182998591468,0.6773714184606129,0.1615367129738905,0.4138123959763226,0.06463248016685466,0.3345137089128867
CCMD67373733ST-11-0,0.13406457587368897,0.503639935734374,0.8717317068115794,0.40426977281040805,0.35113933580533224,0.351135550672996
CCMD68973846ST-11-0,0.5562129948656369,0.8009928396252985,0.15399381006829574,0.45263536939606736,0.16630957592714807,0.4468398821903732
CCMD71242853ST-11-0,0.5997322772820083,0.5856151457842744,0.3385595034373941,0.33102833955621774,0.843113369613679,0.4420994360978675
CCMD71915439ST-11-0,0.9201464298734646,0.9943476358193067,0.9198918668829936,0.5462092451989043,0.9999995973699836,0.9462791901448295
CCMD72666896ST-11-0,0.3132235949986474,0.06544243422939154,0.5274520069331781,0.3168370001613671,0.3696816783783398,0.2589950879328162
CCMD72690923ST-11-0,0.8954620866253764,0.8757329942056904,0.6575830011906891,0.46384582986669853,0.6714302808462855,0.6225287610088921
CCMD72895164ST-21-0,0.6618334599402645,0.21375149465850662,0.6859822265574804,0.3726540720566552,0.8778895699191583,0.4728175550383891
CCMD73128545ST-11-0,0.6198494392323062,0.16072890946451296,0.38591139666887414,0.3534722750245853,0.20362528035329355,0.39770029366533705
CCMD74592084ST-11-0,0.20350786420670974,0.3020775014303147,0.05716230754878939,0.41353968042753436,0.2232340390470411,0.2764070326074167
CCMD74930188ST-21-0,0.6957581077901818,0.9298000982942775,0.7324559386677651,0.6517472204758308,0.8959173398972107,0.9027592232617176
CCMD75147712ST-11-0,0.4090153115061266,0.25515170945674204,0.04511638879307461,0.49785256131742817,0.25666292935580404,0.22109309894616536
CCMD76222476ST-11-0,0.6983386625469024,0.7267753646902938,0.6299355639947467,0.6006387630486058,0.1540732456466718,0.5729846553680781
CCMD76409700ST-11-0,0.26354136487254637,0.2978269999354219,0.30393350501979843,0.17414852897838537,0.08751083034203737,0.2855836869272125
CCMD79349503ST-11-0,0.6077320898130723,0.8725336971827079,0.2847397604784748,0.3651538282753022,0.5878529080282141,0.5802105859159828
CCMD79987997ST-21-0,0.8383963702152057,0.03911875305640292,0.7167744465445873,0.2936447124960748,0.9232325668001022,0.4918475143144967
CCMD82866709ST-21-0,0.6783407006305228,0.4822270766454249,0.5131345822370448,0.25930318553910825,0.8874094248844321,0.6839069899245455
CCMD85481373ST-11-0,0.600868412632654,0.09935868968066404,0.14272994642560813,0.3960408489836691,0.05446666153575952,0.4672626822825858
CCMD85661207ST-11-0,0.3891316003255014,0.12002488319104156,0.12953685630042444,0.3563217504455964,0.13709966686141686,0.16067436252538178
CCMD86114146ST-21-0,0.430988886469175,0.8818395486573676,0.7361939957051221,0.6333258991103708,0.974232670924829,0.8568363045230266
CCMD86707194ST-21-0,0.17082070402298663,0.10875925331885768,0.2850228865178356,0.39172210666783275,0.7242078221713364,0.3963446997435377
CCMD87156761ST-21-0,0.5944721614576176,0.9204185868041012,0.47591988715741423,0.30254787277569556,0.20657133059356428,0.3454151149585361
CCMD88272491ST-21-0,0.48957245310139413,0.7613534348518474,0.9427044417854826,0.4468703239427355,0.8195347852149144,0.6875614821051558
CCMD89107682ST-11-0,0.20786428971850301,0.6511902826128563,0.32314197075609175,0.42352643762209397,0.34467942085046693,0.6096035009925246
CCMD89306485ST-11-0,0.713028206309185,0.396583679919642,0.46626686774325626,0.57550737924617,0.20921839016985305,0.33008350773457673
CCMD89643949ST-11-0,0.5189708010303921,0.308986165061803,0.19298629707640774,0.33354017807555486,0.026211065835069575,0.1216008624316389
CCMD89967135ST-11-0,0.6898013808258873,0.825983636784889,0.31607079548762446,0.32895426555433177,0.5852067219101833,0.33422911243747155
CCMD90311071ST-21-0,0.6397315614868113,0.9459963591540052,0.2950208400886567,0.38335521875488615,0.8245045012150396,0.5706048831331177
CCMD92404903ST-11-0,0.876726083091027,0.2809618442702247,0.8520458607102894,0.5908518966496694,0.980772643961641,0.7816785057557051
CCMD93344354ST-21-0,0.4019536343949612,0.5885028965896845,0.5573676949379369,0.49860841474576373,0.5944915084542736,0.7156455900664797
CCMD93755960ST-11-0,0.530738164520441,0.7779047502150315,0.214612417833397,0.30818651064660707,0.2271204779927729,0.2316904829724173
CCMD95431029ST-11-0,0.9354604044201117,0.8323626747259416,0.6525554358214467,0.4902326596030211,0.8094856995064192,0.7606645447142444
CCMD95433940ST-21-0,0.2437488211208692,0.031021461334115902,0.06087793168412855,0.47145022026513567,0.7771126198240231,0.12273912906964533
CCMD95676152ST-11-0,0.9531948885260999,0.9916951724910432,0.8752613375672438,0.6045064896449187,0.9816479240374226,0.9547509776253534
CCMD96553385ST-21-0,0.5789468532289872,0.9629300055575898,0.5527240898719318,0.3486917114072108,0.9819038234213403,0.6716227744213615
CCMD98198513ST-11-0,0.2937365328100739,0.12039382655060285,0.2244225442979026,0.5160795981840152,0.12799847867110398,0.28640124968478764
CCMD98531134ST-11-0,0.9040319311747846,0.9525014489370586,0.9208926891054484,0.44218821350481796,0.9774062233115703,0.9560281030041606
CCMD98702133ST-11-0,0.5527741410287412,0.704602364474399,0.37766101904633625,0.49419741564487774,0.7609471347053698,0.4862401890099439
CCMD99440714ST-11-0,0.34474179938439015,0.31011338016167556,0.4866704684445492,0.3159899865831583,0.5043867931540378,0.3005459005541656
CCMD99929634ST-11-0,0.36720119037583354,0.13028110405246068,0.06245531251138203,0.35296120496999,0.11338442714091543,0.10649819236192416
ERR1018185,0.7592742673289783,0.969121780283793,0.935699732881025,0.33455396553991373,0.8181458834779085,0.897832951745919
ERR1018186,0.921934993289881,0.8954159419182321,0.9269346986996354,0.6039515027453719,0.9851178948496762,0.9594883830233771
ERR1018187,0.885757287429145,0.982991166737522,0.8021715539941068,0.7758187284920254,0.8724784583441041,0.9696927584719656
ERR1018188,0.8379505751333579,0.452216815250573,0.7913962364636442,0.6977158502129489,0.9929780081967303,0.9648878335471793
ERR1018189,0.8570849400927577,0.6985452542668161,0.9254608816445531,0.4903018717212643,0.8867520798922236,0.8082144584605095
ERR1018190,0.6217925976537627,0.2709723521598798,0.9100369330004259,0.47174001209123595,0.9162973708245938,0.5907370301515221
ERR1018191,0.35520400155255116,0.08234623137707843,0.8315766504990598,0.40366941663482925,0.9498256570137511,0.2965069471622154
ERR1018192,0.9659975910998871,0.3663694399056207,0.9291147462649052,0.38946450464876764,0.9948019576869802,0.8006532645340029
ERR1018193,0.4692483112195885,0.09568466547206353,0.29729207284699105,0.5256403662309335,0.7962368353755821,0.37239670436929967
ERR1018194,0.5240735464518462,0.6060334356736342,0.8487914736852282,0.7286630287800013,0.9601917627314404,0.9022341311620171
ERR1018195,0.27441822971850055,0.01958904299648443,0.06747973938346899,0.28043042135846835,0.55252547731072,0.0777208622498273
ERR1018196,0.9188949314229887,0.4152697340797811,0.9845758440144208,0.4552384081383078,0.8888088345820323,0.8329820051225008
ERR1018197,0.4176858196558865,0.09193002685295869,0.33635611632043394,0.7415451319457009,0.8083605063062255,0.7412091228252126
ERR1018198,0.9539141350336842,0.9402211303095507,0.9528027734342286,0.5840225708195941,0.9322781720767314,0.9750488072507785
ERR1018199,0.6466187564356201,0.5968545232042948,0.9527038990027714,0.4360359802600753,0.9780191372795705,0.46096130467839924
ERR1018200,0.5423771103841266,0.4354453868125455,0.3429010344254524,0.44001156403078623,0.9457599282459456,0.4814603782377613
ERR1018201,0.4702196509866955,0.2076181105747152,0.7547150552448271,0.5170396836111996,0.9008139122937809,0.5600314231204858
ERR1018202,0.7142936483926565,0.4982450657632557,0.8606845710127242,0.5737628565425854,0.9479784860062594,0.6308042363424451
ERR1018203,0.7642082628552308,0.6179490176269573,0.8951857820569028,0.4539164209681069,0.9311290929087611,0.6261370951904438
ERR1018204,0.7837575138433104,0.024697799051787178,0.46776607314678564,0.3856594698721039,0.9751896770402476,0.4089766092439837
ERR1018205,0.25090185736843834,0.24770631173006188,0.2568442498318357,0.3302198741134165,0.6710338668179884,0.17032188417775238
ERR1018206,0.5745035861528808,0.3030741193770719,0.2577257228949855,0.42487863228492556,0.9095712849375237,0.76517635748374
ERR1018207,0.715486341833336,0.6082542365621552,0.7881143431636178,0.7163627287246904,0.9840217439179064,0.9670043452053827
ERR1018208,0.6954862306347154,0.29026095597977725,0.4429574301455471,0.4674856524738978,0.8641821724075625,0.6528869011086741
ERR1018209,0.5934868082356425,0.1394695115124815,0.32595216098685936,0.5557528673630051,0.9350610714735508,0.4818239006749713
ERR1018210,0.6968577763547531,0.42128818040328625,0.9578926177440155,0.543161276793963,0.959656212918243,0.5596823304516559
ERR1018211,0.9465866833540367,0.9211407661093963,0.09728025200271852,0.6925314909640147,0.9906262981391314,0.986121125821966
ERR1018212,0.7353834202966478,0.34781054027006364,0.9467365501093493,0.5242551348481621,0.8171415758816694,0.6926583229941411
ERR1018213,0.35970538027879767,0.2577725844623302,0.5485812729505819,0.3720383711915365,0.8337950208891175,0.18443012537636233
ERR1018214,0.8459248779331751,0.12988651140778862,0.3475147873745529,0.4753433726756711,0.9142331458424351,0.6320106245728403
ERR1018215,0.6003914663650889,0.5192234689966132,0.5712367348145271,0.38222979959676223,0.8880055939435676,0.667546388844398
ERR1018216,0.7374938449208859,0.9364000396228951,0.8931510137366037,0.6175720910806621,0.9821802305033258,0.9631622233303034
ERR1018217,0.4335490462023739,0.1838731342597176,0.24184937120276792,0.3325970098477581,0.5408568929224773,0.48676599195104
ERR1018218,0.7687129724224472,0.5533105435170782,0.43576733167435966,0.5833010949803512,0.8843937118963205,0.7221170945010759
ERR1018219,0.8022076204601887,0.2689581360468991,0.4504003516157208,0.45586220592817234,0.9830152281112076,0.7565930907697757
ERR1018220,0.8723531461329083,0.3220393674834358,0.2707669620305998,0.6215229774986788,0.5465483168273307,0.6947366550704868
ERR1018221,0.854382487057073,0.37815591827498213,0.9885353220767197,0.48501493316503475,0.9855471777390986,0.8203813420901483
ERR1018222,0.7726087960566191,0.9749486882719406,0.9626208079544089,0.7181457185230083,0.9961459718716029,0.9854527205239946
ERR1018223,0.9527461156372995,0.9212523836805515,0.7920601322891313,0.6092067120264542,0.9791352758686304,0.9713290169332662
ERR1018224,0.488906637804087,0.17277032125423256,0.5841487387086185,0.4684733722000332,0.9391615961708042,0.4844444065910363
ERR1018225,0.7847447834468252,0.6390010456212807,0.6753915608621645,0.664985128889358,0.8044690636661048,0.8042426185723357
ERR1018226,0.5970670956436168,0.3142168032461207,0.7808208944218109,0.4553686918505818,0.9091907567120375,0.5212105188919082
ERR1018227,0.7951677059504988,0.5446484836130552,0.7711713794447053,0.5303206981151999,0.8978595079084064,0.6594402300914513
ERR1018228,0.7863826095060249,0.86593442633943,0.6383555464957624,0.5198687057136742,0.8427359624936729,0.9094012156512803
ERR1018229,0.6143846998313093,0.5570094303120599,0.2917818762099858,0.48249947144124644,0.46348237140494963,0.6822748541215659
ERR1018230,0.29851170143348466,0.22468581496871642,0.6827175104752528,0.46290670337898676,0.8226775353703398,0.33737711442853396
ERR1018231,0.9539262686165708,0.9707579974791913,0.5222451641687123,0.7609441923047641,0.7874532658505354,0.9876420502833778
ERR1018232,0.5537824833657288,0.06077120148296527,0.7101411235396747,0.5011597672659407,0.21322319760560174,0.5032100044389832
ERR1018233,0.40380284030274743,0.6474457557037281,0.6701327496467057,0.42096403750199973,0.6274047731313486,0.574319169143399
ERR1018234,0.5888023696935784,0.043947337179143814,0.796902634817658,0.4155670457593645,0.8884741495758707,0.37996789359613875
ERR1018235,0.35713600920701727,0.5055257388860352,0.3702524900836455,0.6030210167907241,0.1708876833521172,0.5775386987730838
ERR1018236,0.7637248650905708,0.4707491773718556,0.18530445167281956,0.5462580137059408,0.6896080237719077,0.7961630273514072
ERR1018237,0.5547651357201865,0.0653042903107925,0.38724208604106647,0.4674605072063376,0.8019493288292896,0.27701202724993235
ERR1018238,0.50772427180282,0.22504632327173055,0.36365774185632643,0.4349609128221218,0.4856560904739158,0.31222894100546883
ERR1018239,0.7195515899382918,0.26814637409330516,0.11213539198970121,0.5853275468153726,0.8177099320619003,0.9255849800600668
ERR1018240,0.41549702715023434,0.8589909634145618,0.5172453978039304,0.553054574289341,0.5554938301968003,0.7296465718968876
ERR1018241,0.9645823245400266,0.4344989322762718,0.9418201889847543,0.6272451739444124,0.9999989504763692,0.992391884134269
ERR1018242,0.4438119924307931,0.6320367651156977,0.2594374141952297,0.5593575729777694,0.6156616627060609,0.3778328843624052
ERR1018243,0.3277172990945826,0.021728214371330688,0.6743294738311151,0.3896535950954487,0.9195207630103717,0.18888303818226035
ERR1018244,0.6666391096688988,0.1966614347025994,0.8532770831875223,0.724740445962533,0.9703870819995036,0.880357282812193
ERR1018245,0.2011330240933982,0.10647100111332454,0.22711254891543634,0.5848815159904017,0.8846363898425047,0.5332561798353465
ERR1018246,0.3372493046012671,0.415670442528784,0.10361294530650526,0.5983193289637564,0.32838664194388123,0.6007894751348006
ERR1018247,0.6857419055489469,0.14959128783979442,0.38272984241302976,0.5121813928785526,0.24272262809000053,0.48728947847102894
ERR1018248,0.4597572275367961,0.09946441541145928,0.11270999852973244,0.5429573822958081,0.442632209721478,0.28097752928569775
ERR1018249,0.14864710043528204,0.8964678740946075,0.13566738236357448,0.46663981400449095,0.39630017518408606,0.5152858906448179
ERR1018250,0.3659847259310711,0.4231834130297435,0.4264682027998452,0.49374093576006717,0.4531735937894148,0.45146483854248354
ERR1018251,0.6752081444553552,0.5545618880661116,0.8836937076545134,0.5156543448612386,0.9835888892942689,0.8674425480559482
ERR1018252,0.5266896016621792,0.028198340145313337,0.17030547998673037,0.3673957320917626,0.20165759795932517,0.20646683705709248
ERR1018253,0.22271350181741273,0.02803639277922008,0.1609839410944396,0.3265668381820246,0.3756863517949715,0.1428238774720368
ERR1018254,0.9196783565533985,0.9256733633896255,0.954398594609158,0.742874621991451,0.9882198000568451,0.9885706663535025
ERR1018255,0.2629525655695149,0.24860256773723705,0.08775960663927737,0.5896765254350506,0.638612536223201,0.6081647581426796
ERR1018256,0.4782940566556484,0.3410961892113841,0.23555233618281962,0.5263439391199262,0.5034882188827092,0.6475015549793578
ERR1018257,0.16403135964454574,0.021772980987935325,0.18833986306102166,0.3240042350889565,0.28324591762553175,0.052825167328638484
ERR1018258,0.6576306427236224,0.2288321440414773,0.260473928044867,0.49428418556259657,0.989167583272787,0.7713933032176139
ERR1018259,0.2454254648321618,0.01532244503627844,0.04151630760236439,0.5833313791323842,0.2755615938913389,0.4686206968764905
ERR1018260,0.6474146163766601,0.1493533145686187,0.6452218934905929,0.6487854159190702,0.9192335519439403,0.8106467521831779
ERR1018261,0.3632495520845352,0.05770719708482784,0.5630757731835729,0.4258360121016024,0.7230831292545981,0.18728166660732903
ERR1018262,0.09869011540075907,0.21665366679668202,0.21154189424255926,0.36540913648416884,0.1657261747024844,0.054909334645926906
ERR1018263,0.46852139963050815,0.18321708059810993,0.22330426365830242,0.4484161000405621,0.6410850444808565,0.4324306360847109
ERR1018264,0.23785722871315768,0.2198531586373189,0.04865547422651031,0.5105414974248795,0.41728605803026836,0.2263965981033196
ERR1018265,0.4900825776201996,0.4965783203865754,0.6197130050274894,0.5457452116497535,0.7072975186406371,0.7009507010658519
ERR1018266,0.6878183009360723,0.6241663076004809,0.6559605549573676,0.33423041855035623,0.6810652473708354,0.6926543524016696
ERR1018267,0.7816669328335489,0.08886678629627509,0.4555858502163903,0.4486632104383987,0.5979194567674774,0.6817223408615185
ERR1018268,0.24921769917844827,0.3358426820598754,0.23845062022443927,0.3567657062554596,0.4102338563945507,0.06126533560882881
ERR1018269,0.7329926201986355,0.11595018513095477,0.2816622790293776,0.4333172061667493,0.6723456550543259,0.6993003995257827
ERR1018270,0.47427019145228905,0.05763351245631403,0.11524115047744621,0.35803128715876514,0.858862661284226,0.58448058015688
ERR1018271,0.71003627651484,0.3105260088800686,0.5384678546266848,0.45743601640599985,0.68500267383279,0.5073621623848764
ERR1018272,0.3003077112308112,0.08215764981593619,0.4205431918357741,0.4562282321764853,0.5080450652801459,0.6035918833149767
ERR1018273,0.32404549951624123,0.14254043049336446,0.9692230030734738,0.33667650838702595,0.44746804066955526,0.05903632520478002
ERR1018274,0.7214893981485168,0.3008207806098836,0.5552586989114671,0.4506610975532311,0.5061817701544027,0.7686644406513361
ERR1018275,0.5057322671941032,0.01089892345862109,0.5253438818602968,0.33683139035285853,0.6378015869020922,0.1839721955148196
ERR1018276,0.3253472582954425,0.08960227437029325,0.20401480682602888,0.4020405604599357,0.5588325874243213,0.4163851654097137
ERR1018277,0.2256480299383141,0.8560276094144694,0.3490843289822642,0.42982623921260027,0.47637244689040353,0.2756357818019487
ERR1018278,0.46391043472992816,0.1771701909967557,0.5190506935137769,0.5700131239535661,0.723394213030048,0.5694159229981851
ERR1018279,0.7246655169980349,0.26068212359491516,0.30054239911984093,0.47692713793566355,0.9567064245273673,0.6768202243412718
ERR1018280,0.7433283623003797,0.33315931984119845,0.6155141760109637,0.5647661728643777,0.939236711231302,0.7409604167914493
ERR1018281,0.8754004657084049,0.9214378767080246,0.9801728244517058,0.7294526139263994,0.9762266752223815,0.9925102518500616
ERR1018282,0.40379389354605993,0.7793855467448548,0.9732486427735718,0.4595394327781849,0.8530216161912567,0.24024309076979494
ERR1018283,0.7710006985411041,0.22384356316042112,0.766429018622589,0.42401673000332063,0.9538912668504045,0.6436130879002232
ERR1018284,0.32997960273344584,0.08971200366760937,0.9019485491172997,0.5836394910572896,0.8998113677748559,0.44767027564062734
ERR1018285,0.8857408444351949,0.8914467499407085,0.27756617794130256,0.5810930596718499,0.930058984868441,0.9306774396859191
ERR1018286,0.502106680012023,0.7503304067087515,0.4364092231321111,0.42485513679496617,0.8909201895106136,0.8058753187474423
ERR1018287,0.4250917844374933,0.06060829243447477,0.6945746015314451,0.29520588754593513,0.8753617732137088,0.13671038212162007
ERR1018288,0.6211632653715345,0.6280648955051287,0.6223484714623908,0.4055627570546465,0.934906896939074,0.6494790468006674
ERR1018289,0.7770318507688735,0.9565714707485984,0.8189594050741666,0.6823238041550049,0.927129119455191,0.97603351382253
ERR1018290,0.8301575156876587,0.09351255732888498,0.17480489318496126,0.4589501528041855,0.9180935060629625,0.8662627336039128
ERR1018291,0.8919327221466183,0.9781477808777967,0.8555682452790547,0.8087482313480909,0.9889429348319049,0.9938558315273944
ERR1018292,0.8971272363843572,0.21508155176525046,0.7373020363113479,0.6415868946075383,0.9955452304625624,0.8567198312064208
ERR1018293,0.6636449186757601,0.2384101610017642,0.9278780159942375,0.5607607613833206,0.9858967177899055,0.760054377933476
ERR1018294,0.8532112881897667,0.9761174067698253,0.7736124241435915,0.5555266756297694,0.967148963949814,0.9763358129329615
ERR1018295,0.6517120693582721,0.8240192181298894,0.32482851814404795,0.4284826669892636,0.1865688989434933,0.3893506190137967
ERR1018296,0.8377488228419687,0.8069645786021682,0.03848035983477176,0.3772160663659892,0.73137261061677,0.9325841311214527
ERR1018297,0.6970652005078178,0.7968979681421542,0.549972556582748,0.6552936197609173,0.987468722223883,0.974791310230577
ERR1018298,0.8334020202000989,0.9363208254509671,0.924616484021939,0.768517628793463,0.9992567175901752,0.9845108591374451
ERR1018299,0.9620380382947107,0.4295905645730797,0.9248281178936313,0.6156127597600441,0.9999986557343511,0.9881331893722957
ERR1018300,0.842808931145187,0.5610647795584883,0.8365207322785831,0.5636630564220939,0.9733001209996969,0.7547653146092406
ERR1018301,0.9815708644443819,0.9999141681097617,0.926279817575473,0.6603153842799248,0.9938690213573534,0.9993055944947812
ERR1018302,0.49185939716362126,0.2703428894332802,0.4546566137391448,0.5077784483934352,0.9462545285969612,0.5471925683048154
ERR1018303,0.9659782401464182,0.9039217909555247,0.9044051709695584,0.5932161250136554,0.9980770426263262,0.9867340794553986
ERR1018304,0.8827895665537555,0.3155608486646483,0.691180566589747,0.4511572760823595,0.9913762431523232,0.7935221687424541
ERR1018305,0.28049162892409035,0.7686220904014338,0.26663245067668406,0.5068781402714199,0.4258042185504069,0.4062750317532283
ERR1018306,0.8963948406232809,0.3117465713751868,0.8521001044438788,0.5284954352865759,0.924200105191571,0.862018525639912
ERR1018307,0.8222077738074913,0.5609641363175348,0.30588862129589567,0.5257218336338804,0.8411008218409414,0.9215880505922636
ERR1018308,0.3733764402355641,0.05460942111591978,0.3846477218016131,0.2244204922382362,0.03570719674128154,0.030088164332152195
ERR1018309,0.6006337094833619,0.18662803097749145,0.6653361472859028,0.4447136203820091,0.7716941143553999,0.4838698697351076
ERR1018310,0.9427900856364753,0.3139639250515243,0.735180380299644,0.5364360324175781,0.7857654633592558,0.818798620533254
ERR1018311,0.6248324091357187,0.5916414728072825,0.6542781592343422,0.40991363590219576,0.6467465271274665,0.7354434199363871
ERR1018312,0.7945990046339685,0.7978955277817376,0.9578363065769813,0.6417198742490717,0.9740529759724732,0.926510585794532
MMRS11288076ST-27-0-0,0.4012588754924455,0.2021729194990372,0.3019208304803295,0.494500510754729,0.12607559522490885,0.0673621178260221
MMRS11932626ST-27-0-0,0.38030873770926615,0.37055882639290655,0.3708461939254817,0.36966858228112487,0.5158433595818889,0.15612680733399922
MMRS12272136ST-27-0-0,0.49460707078388844,0.486048217341617,0.5239164625278838,0.5196456582273756,0.02712590656136155,0.07684085078416912
MMRS14379078ST-27-0-0,0.7368600415864233,0.790257938952168,0.7020444228448129,0.3213089054787649,0.8911337504961772,0.8693247670264984
MMRS14602194ST-27-0-0,0.45967040675380166,0.2832524792542954,0.7279212004306483,0.6297872811626029,0.7980265819480494,0.3609821691837554
MMRS15137911ST-27-0-0,0.8823429749466062,0.9505322639198055,0.9569738408783404,0.8465225366401155,0.9949949765741055,0.9721618242689547
MMRS16644320ST-27-0-0,0.11278786239302871,0.5842284321159782,0.24936348566444044,0.45816377118603197,0.4448767820505903,0.03365280331856532
MMRS17603756ST-27-0-0,0.33233072367295313,0.3607834052592358,0.822978986777225,0.6918819174691421,0.8754925677467322,0.3641728794824133
MMRS17963147ST-27-0-0,0.47712078179349965,0.49248471185443393,0.4725259807952397,0.6237977061153442,0.8808327007349185,0.22597655903413652
MMRS18295921ST-27-0-0,0.6368159262090919,0.9751211173962097,0.5506525849427906,0.6170227715954447,0.3461216776962229,0.7261086485906337
MMRS20257302ST-27-0-0,0.2971285916492028,0.6724233213169498,0.7074598855752771,0.6912870117099168,0.4850316760097102,0.32516478861050013
MMRS21365932ST-27-0-0,0.28551060193555566,0.08143391024208305,0.4620689650801188,0.2574326479693663,0.5772164028895348,0.11036090735563304
MMRS24340226ST-27-0-0,0.7535903660791511,0.42034228028290915,0.7070530535355775,0.4354517107341104,0.691669972217176,0.6751952178149647
MMRS25211151ST-27-0-0,0.3069198037950297,0.38248685110889385,0.6591975887589094,0.6668879057274402,0.8338582693929886,0.4966588037803771
MMRS25641480ST-27-0-0,0.6053496747578276,0.5392239078112344,0.7379126695046669,0.5582493923385752,0.9186385750415018,0.3829410622187221
MMRS29805707ST-27-0-0,0.2092549762695923,0.11501590440562197,0.08357833286980794,0.4353786816574175,0.1365428361337885,0.01675595470886034
MMRS31306426ST-27-0-0,0.5509171160239924,0.2897943302256255,0.6708863142882258,0.6504713875124036,0.5010148274992556,0.14212752557042294
MMRS32573774ST-27-0-0,0.5177924667663193,0.11962843273618541,0.676985819914797,0.5700214261247201,0.4962242551958383,0.39905265821822344
MMRS33294861ST-27-0-0,0.5618791341035481,0.1335640967894102,0.17826149271124123,0.3134610916293784,0.24738116571226665,0.2246308440744133
MMRS34525504ST-27-0-0,0.46949121273992184,0.9324679053038315,0.6269583688990155,0.4950399443008739,0.24559654723256258,0.22648811116446363
MMRS34569532ST-27-0-0,0.47794742654019223,0.7472291796052715,0.5280102904208943,0.40895648296591575,0.6483683185108995,0.7093362559890625
MMRS35808664ST-27-0-0,0.4859918819319849,0.8043715835644517,0.49702074256365425,0.47224402471618243,0.2675036629826638,0.4143064829486913
MMRS36405092ST-27-0-0,0.23780594494206025,0.03441695809377958,0.2840627106977596,0.39609910756004246,0.21526551262658267,0.08155311031689828
MMRS38861560ST-27-0-0,0.4500115887045181,0.01528728981805417,0.5307966938355869,0.5259609825779087,0.6799790724350393,0.21746307183847455
MMRS38954404ST-27-0-0,0.72716411412957,0.2925292076900066,0.413257812831072,0.40685555921295113,0.7551233358848436,0.11533118451871938
MMRS39415781ST-27-0-0,0.22585274471288802,0.04149935601920846,0.3902011793279272,0.4369141169614207,0.5644513513627122,0.12173422180132547
MMRS39582183ST-27-0-0,0.3302205520106952,0.8686915522675774,0.3213088601386405,0.24802230751709783,0.2899087147540238,0.47309026483258304
MMRS40913371ST-27-0-0,0.3927289509741071,0.15339041353861027,0.6672226108172011,0.617966891545361,0.6941453224836576,0.34883055659945583
MMRS41266697ST-27-0-0,0.766340092056246,0.2914211089755728,0.5535870345974353,0.4085578147578187,0.7958659457213973,0.5399628685958309
MMRS41711735ST-27-0-0,0.8337727733048296,0.36176053231039806,0.7345115782332282,0.45641049947406226,0.6926920639715138,0.5928437898237547
MMRS42780924ST-27-0-0,0.5374667879430876,0.4847813344098788,0.21537390646850257,0.510983241457792,0.15682311040408842,0.25681641855656523
MMRS43563715ST-27-0-0,0.3937698809347629,0.25745287698793623,0.6042057754300405,0.5043280785888551,0.16851579494645902,0.10839242767487142
MMRS43939546ST-27-0-0,0.670017970483639,0.7187261619640224,0.7915544739020139,0.5650897593158606,0.9259188462014889,0.8511739428650598
MMRS44197125ST-27-0-0,0.8893302950271393,0.9867726442735294,0.930241226916304,0.7108654314300826,0.9914845012288439,0.9871772940258609
MMRS44203591ST-27-0-0,0.7927648873977262,0.20467095272068497,0.4541344189429197,0.3883770243293928,0.7728066550110734,0.12050517790011851
MMRS44587603ST-27-0-0,0.5045400302491352,0.6588018017743698,0.36606686007206785,0.335816788862116,0.4105125874169826,0.17664015244090997
MMRS47662059ST-27-0-0,0.5762284751586285,0.16043611609017797,0.12985100908057706,0.5104386328590573,0.4396752955748709,0.041483231356712946
MMRS47685461ST-27-0-0,0.9418808418573965,0.43716252412318785,0.9290346467348821,0.43339370342256844,0.9434438482590072,0.9358884097933876
MMRS51307502ST-27-0-0,0.6652525683844676,0.31296801027903615,0.3598977045762242,0.12045655366215127,0.24719770771731375,0.1357698137001177
MMRS51410669ST-27-0-0,0.5105464431376163,0.5365467962473529,0.3605938189364398,0.5006631654597757,0.20685745818349527,0.08878337311265326
MMRS51728985ST-27-0-0,0.6656100572122032,0.22135854663366808,0.7059325495836748,0.41581404116167314,0.9340928278337554,0.72095232054561
MMRS51737257ST-27-0-0,0.5228058017667461,0.35290499230482325,0.5412820710470626,0.4039404999425441,0.7773113155984539,0.2040431530050588
MMRS54246132ST-27-0-0,0.44110911138769904,0.3803693265361884,0.5033917580328056,0.3302454304857177,0.25243608583887456,0.4019915915268808
MMRS54316675ST-27-0-0,0.7336701102311334,0.99586941336653,0.747581028869772,0.5745865376492826,0.8347669947758015,0.8729921713265969
MMRS55294627ST-27-0-0,0.8724057376663384,0.7569623282341073,0.8683255980320929,0.6206668482278473,0.9693265100455828,0.8607402336861838
MMRS56137463ST-27-0-0,0.563718176122573,0.5137611596560507,0.3873231626059989,0.6692329534596541,0.8388228069376719,0.5870223337172548
MMRS57276462ST-27-0-0,0.4687782488593983,0.2919879811378907,0.21368789493044482,0.5467839901620636,0.02009444233025974,0.024959697329803767
MMRS57569834ST-27-0-0,0.6241238692714567,0.9042952102058148,0.9140442243519097,0.5825044083158881,0.46265917765330683,0.6112301217420586
MMRS59699117ST-27-0-0,0.26662849366862945,0.07470005788648734,0.32001254068709334,0.5801965298040871,0.8567901199827567,0.10851847532978849
MMRS61683006ST-27-0-0,0.3611857777778514,0.6036619082893864,0.1127944940578207,0.49502312714304,0.4016206364860697,0.050272592288022756
MMRS62192467ST-27-0-0,0.8756793437783823,0.09872536924791518,0.5447838046603358,0.5951330686324061,0.9422054745057155,0.6555890263690595
MMRS62376181ST-27-0-0,0.5521394496118956,0.5971381279635652,0.3311775223573054,0.5572021099803891,0.834853167806829,0.4414216359155702
MMRS62666492ST-27-0-0,0.7905254959920033,0.7633210610356873,0.3657071461580998,0.4407767791052182,0.5873807983291672,0.7223782791486708
MMRS64281211ST-27-0-0,0.7414484598398545,0.3683961191694129,0.615736409084922,0.6191194053780043,0.8051443508917936,0.28006160098436556
MMRS64281551ST-27-0-0,0.2711210283714753,0.7978312819108372,0.2751668411059906,0.4716042193856893,0.4410972580589684,0.0913094270437619
MMRS65205033ST-27-0-0,0.8469701969737012,0.9748119034285156,0.8483121498155836,0.824505410712475,0.7475793269931772,0.9376852636997607
MMRS65742083ST-27-0-0,0.16396392965183168,0.867019445960621,0.22889923696270925,0.372384657585153,0.2035865853930814,0.274097957371062
MMRS65862658ST-27-0-0,0.3715094247597102,0.6148260652964143,0.3948164543487959,0.4541110430345114,0.39179529043280464,0.12529478707047903
MMRS65945127ST-27-0-0,0.5093296121094429,0.06463905714484891,0.8350855243666888,0.5124226839151064,0.9020001483513007,0.3371679181417738
MMRS66868025ST-27-0-0,0.6338447812158796,0.046774557625026546,0.14584851683060177,0.27939262263098436,0.3503255833257229,0.16429007137206347
MMRS67096717ST-27-0-0,0.6491095067217272,0.6066221549749873,0.20195491661886733,0.691042796035193,0.7407373466355013,0.47010964720764187
MMRS67247116ST-27-0-0,0.5784140986063028,0.3357122575585924,0.2771700909706889,0.535643006879621,0.8931950342802287,0.5049981809634135
MMRS68630931ST-27-0-0,0.6654940133007782,0.418358959969708,0.20462848269148268,0.5324435502640327,0.3904637152463306,0.12502331221544408
MMRS68910755ST-27-0-0,0.5733713354275133,0.7665719306161224,0.3995726671387173,0.4802240589459461,0.9448927411458881,0.450069929109396
MMRS71762412ST-27-0-0,0.5715679673937685,0.6504455115617268,0.9047074223905974,0.6145789293642808,0.990083606605799,0.910794677265435
MMRS72802364ST-27-0-0,0.6142726594692929,0.971636736279824,0.6507183582152474,0.49267352714216683,0.8790132795222716,0.8096114941868877
MMRS72980899ST-27-0-0,0.856023389118838,0.8749295956058935,0.9229441934181885,0.4950177092653615,0.9471025745906865,0.8839123064740237
MMRS73787048ST-27-0-0,0.4483147178236545,0.3340790533943744,0.4183621637613705,0.701193949099929,0.1970940867104552,0.20876650586608236
MMRS77018926ST-27-0-0,0.8272553522361528,0.5162827370334984,0.6445189890945576,0.45767248864883464,0.7515832689335805,0.7567284727455357
MMRS77321055ST-27-0-0,0.3360993517380824,0.4452560913757767,0.2776386160341577,0.5711313850683469,0.14570792050226808,0.10053351176546327
MMRS77487595ST-27-0-0,0.6626647405517417,0.8820075795652623,0.2035566065885304,0.5126410192056758,0.33186698513445756,0.33548767471479624
MMRS78791111ST-27-0-0,0.6426239568271792,0.3013125033869059,0.560618430674483,0.420568902484337,0.44031505709216195,0.24842317679043605
MMRS79893829ST-27-0-0,0.745245358661012,0.33681450692132764,0.4756202890340517,0.538039292374487,0.743966307975279,0.08562599326433162
MMRS80093644ST-27-0-0,0.8539902591428196,0.9548284395857931,0.7600411527404582,0.7074712129489071,0.983070072180701,0.8638422406031149
MMRS81130264ST-27-0-0,0.11662696955878338,0.29336528984234694,0.36595556437630056,0.4160745377058136,0.5039524694625233,0.11657082065391587
MMRS81135225ST-27-0-0,0.5745288284892239,0.37872512834882877,0.10862803407166027,0.5118526930064056,0.6790122105708922,0.20946711329246856
MMRS81194191ST-27-0-0,0.9783975086626652,0.98687070662953,0.953086608628497,0.8092123148195567,0.9941287342875549,0.9980400422080722
MMRS81671217ST-27-0-0,0.18893362455187626,0.5801432389204463,0.4396674630991989,0.4340473956901104,0.3118906737054634,0.31479669228262946
MMRS84085284ST-27-0-0,0.34788651205484755,0.2231887552954113,0.7630208025003821,0.5667324115935174,0.5772129675727155,0.48234203011544446
MMRS84159866ST-27-0-0,0.7545822899174799,0.46303874245314286,0.2226536806173271,0.287865770802778,0.5365898739078139,0.6811506637730396
MMRS84954772ST-27-0-0,0.5292949092270777,0.31434851750636195,0.2994464095036837,0.47557625551537697,0.7318508432692267,0.20236627045862152
MMRS85382779ST-27-0-0,0.5753801289987178,0.4010827303423093,0.073206734078263,0.3008321788525004,0.6852743316615827,0.2650028334173724
MMRS85438660ST-27-0-0,0.9250400849862661,0.029781164790370754,0.4558840858142875,0.549381789853512,0.9763166999375888,0.4811759607050599
MMRS85548821ST-27-0-0,0.49390580266095063,0.5209954623991045,0.8313231490001322,0.6003755939248067,0.7466288489731125,0.48455853850996333
MMRS86168210ST-27-0-0,0.6825675099483277,0.3445500895746087,0.3207894640995152,0.42025429438246426,0.22498785046353717,0.2914637434332851
MMRS86178473ST-27-0-0,0.12273556495041799,0.028673819097691424,0.3232775637457484,0.1845252203454551,0.8774625800326662,0.02640937107654449
MMRS86958796ST-27-0-0,0.5852428920965828,0.19703655277888782,0.22735734206571204,0.6571602697367818,0.5069865121871282,0.11639913639244948
MMRS87723283ST-27-0-0,0.23919253037971017,0.11837415036904772,0.49023059539381914,0.6748630878523206,0.8921483656779483,0.26765548919881416
MMRS88581325ST-27-0-0,0.43753037677008305,0.9594658809757034,0.43686850438019087,0.14834103294177772,0.21335574395347884,0.3290155654736184
MMRS90191266ST-27-0-0,0.5185166011876164,0.7253529997294936,0.23922802247840264,0.13917524740737722,0.24556056080167685,0.23309651719317387
MMRS91297590ST-27-0-0,0.43446553060563137,0.46165231636021364,0.3411689735601487,0.35808374852600033,0.6185742935851071,0.08399983131823677
MMRS92544445ST-27-0-0,0.568476567016787,0.12665384564096166,0.6417978650683688,0.4154055560280761,0.9118333941101783,0.4571190824586965
MMRS92546335ST-27-0-0,0.7832488502796036,0.7383037036026915,0.8941596063055077,0.7331944748012202,0.9357245673149104,0.8263754526207708
MMRS93508324ST-27-0-0,0.6894139947699286,0.8756892707782603,0.6104220875711687,0.5655435656151246,0.6003649667664978,0.3590245154769588
MMRS93621581ST-27-0-0,0.8990773773681482,0.13811403510091033,0.07132715075393141,0.30683262710320713,0.14411934973435747,0.24043846068787744
MMRS94549160ST-27-0-0,0.5128585373612975,0.4815299716463136,0.382647055849793,0.3873486650321115,0.1187332955740384,0.33101269670641326
MMRS95277876ST-27-0-0,0.44082906410649814,0.038992923363491985,0.14962525675863977,0.3626132204175293,0.078920262531938,0.02373033371950099
MMRS95479054ST-27-0-0,0.40711888403683616,0.2547508421791437,0.2700050662815463,0.3269427427883762,0.22676124755204707,0.1995335446665102
MMRS95674036ST-27-0-0,0.45070978332476613,0.5827725005665867,0.6148043312410281,0.5386198709559252,0.8028485828395313,0.4612379838080848
MMRS96422329ST-27-0-0,0.594867457658003,0.7675760789969363,0.43871337767389,0.4047845152380892,0.8598902817547239,0.5332740634552309
MMRS97052561ST-27-0-0,0.8199832425710313,0.9951958299431534,0.8985310839166935,0.5016661840323258,0.9926422199859384,0.990799422438
MMRS97307143ST-27-0-0,0.4502877587849208,0.0926731761562474,0.16591840560238674,0.3469146551732079,0.13533235026428847,0.2868282271297592
MMRS97327636ST-27-0-0,0.9768689355284571,0.894797475884475,0.8798838311252638,0.7483782575543035,0.9857356165309334,0.9916873481985826
MMRS99045180ST-27-0-0,0.6452337671243034,0.01142381199199025,0.5122330525139354,0.5070132478682787,0.9544200102489229,0.2710169794522773
SAMEA3136623,0.421612762683967,0.026744164465208425,0.32645521002269035,0.3954666321856368,0.728927404339863,0.7102475263336219
SAMEA3136624,0.08655505615171334,0.08657647683520062,0.6703245384742286,0.16806286727543485,0.30296285382652,0.10654908864526137
SAMEA3136625,0.11877601076455914,0.07140157476302646,0.6001671039686185,0.2645174172218883,0.12440300028769445,0.4513779661463072
SAMEA3136626,0.2496987357527385,0.23172151261307072,0.3512921421937217,0.32559840115649774,0.1956160037748737,0.13954349873619454
SAMEA3136627,0.5175873115770694,0.8695402693485972,0.5284181782767987,0.34012069380924426,0.5728510536608288,0.5804042543398011
SAMEA3136628,0.24291633596737353,0.7179291072717027,0.43334435788534287,0.305507720020938,0.10883006745492495,0.1834310254004563
SAMEA3136629,0.38422768656771794,0.09222735516505315,0.4410368538392361,0.2746594761643377,0.3520578879852766,0.3736790726841325
SAMEA3136630,0.4389507449692436,0.013314696801198848,0.39554483225299136,0.2475517802360106,0.18683948720439553,0.38193637869958635
SAMEA3136631,0.15417135090038667,0.0342058760381596,0.08343454177904702,0.22172828392540925,0.15027539133821574,0.07859470682686054
SAMEA3136632,0.14588273874441693,0.1727192363072334,0.2052944698199379,0.5122005066768112,0.0476066390935539,0.1408862721606881
SAMEA3136633,0.3244791777134033,0.19542408626553723,0.14729036682964744,0.3218010805678841,0.4224956118701202,0.21336976422036447
SAMEA3136634,0.25616936814806857,0.4954362162864463,0.46381410931462974,0.1452033679024314,0.03148972957315109,0.16707065022096348
SAMEA3136635,0.06421316116229155,0.043693627523481694,0.5111447982110426,0.18013202950108156,0.5351309342732993,0.06912399227670704
SAMEA3136636,0.43770478800563484,0.01277126956150842,0.6895970368864895,0.5417831278729883,0.5753948339756086,0.5761974993753823
SAMEA3136637,0.29745116772378105,0.13788828918398333,0.18556643678443968,0.3435336271653977,0.07651729537640715,0.11068160604421366
SAMEA3136638,0.08947311631220983,0.04316056574792006,0.3917781382199914,0.26992608842152105,0.16040470511642643,0.2508391644256694
SAMEA3136639,0.10423050825963626,0.022724788656345134,0.26597357825707574,0.2536206622552326,0.6515927046180563,0.10673678569148401
SAMEA3136640,0.3506548189095372,0.04395500671758267,0.6037928853816327,0.28500950923911617,0.8380046184152697,0.30589175071115127
SAMEA3136641,0.3928616840486754,0.8982496926256779,0.6170478928824047,0.30728385894675847,0.6764128128815056,0.6501424969963013
SAMEA3136642,0.8552763318051486,0.24641646785987623,0.5151668412034476,0.24980528994497891,0.4036554412681213,0.8034907215127994
SAMEA3136643,0.30880536924619073,0.0425915345596172,0.24554403414450535,0.34540093281529005,0.6297407782313245,0.4456335839558512
SAMEA3136644,0.07482273545423136,0.013152552867736686,0.20140121017448237,0.11247382429162288,0.04494833288323167,0.044446968980649926
SAMEA3136645,0.45293778971592835,0.12233022354163862,0.3343835135102706,0.2559696620734806,0.1082609060530058,0.2549242137504364
SAMEA3136646,0.31572589131366563,0.10635491779353327,0.7513746303438478,0.2713166646350851,0.5913056184805178,0.41612159480728483
SAMEA3136647,0.520670160604969,0.19095300583021496,0.5698480128907657,0.3060655447395195,0.9634072129358616,0.4408209035382825
SAMEA3136648,0.3763711125894995,0.005843433107967508,0.29587784670393785,0.15905100189986623,0.028478735866270196,0.11870989528548061
SAMEA3136649,0.14930717327305462,0.005671745915569331,0.21114778104163137,0.2531360683116782,0.2478504584941434,0.10420272542226194
SAMEA3136650,0.16432488484846963,0.17832752862635098,0.46329165089844976,0.3992912564766076,0.44435221546807896,0.2988530519864836
SAMEA3136651,0.40369663014383045,0.06769694724644895,0.5739087210003699,0.19716555880601178,0.08504917257871351,0.34235552486231524
SAMEA3136652,0.4034035325425843,0.39808027650758515,0.257221783638227,0.3629794274966232,0.22972855996019356,0.429854593177653
SAMEA3136653,0.41476617278545286,0.13172525669863905,0.568342318820263,0.34161671481690314,0.3261259287578306,0.4346414853358008
SAMEA3136654,0.3785909711991763,0.02331829270825606,0.5806712142084892,0.2513892370238578,0.04509515316387762,0.3809816185034198
SAMEA3136655,0.2975319342329782,0.016642812049212287,0.35837412284520526,0.4552279079317468,0.7449066691653884,0.624552566681853
SAMEA3136656,0.19307954047051873,0.08879474495713724,0.26053330395020924,0.41705966751623885,0.5245440641994144,0.26610846310953723
SAMEA3136657,0.4626326001922631,0.227785653898831,0.7859768951077476,0.464827365809469,0.9586966319482597,0.6893033399927584
SAMEA3136658,0.40016609757684174,0.3014490091572279,0.09070401452130364,0.2980864174713482,0.28344766721316816,0.20544757359068602
SAMEA3136659,0.5351437840938765,0.43950235464719334,0.8760996661469791,0.5919211049607364,0.7463204050089035,0.9094834810387482
SAMEA3136660,0.21309629825526788,0.01495297298147503,0.5930970175229735,0.26344149713664883,0.572300670739798,0.4812718509187497
SAMEA3136661,0.15916005272546016,0.009394502503148758,0.08990778775045412,0.2605588348571681,0.21564115585087495,0.06887790069154068
SAMEA3136662,0.05594835874401385,0.02352930147077943,0.248948606294147,0.22227302664170961,0.2354006506315308,0.04572379592353405
SAMEA3136663,0.2859670000792484,0.08690656017086146,0.06874808420289058,0.34596327474425465,0.1294250644167746,0.08142075800022595
SAMEA3136664,0.1881168465129406,0.6597475637745716,0.17161010541022356,0.4403685595498005,0.22099537483668477,0.19240314998828525
SAMEA3136665,0.4375328275157682,0.031458625115243125,0.38874657016263714,0.3502523710173653,0.355627538567669,0.24632323507607579
SAMEA3136666,0.2647363469590412,0.03559939104700334,0.22378541515499664,0.3912651658427521,0.22788949799164418,0.17067486366243964
SAMEA3136667,0.13308263625656302,0.14557616893625452,0.26720093580350807,0.2845516761675009,0.296739039249467,0.14341333857560348
SAMEA3136668,0.664009018938523,0.6886238635146341,0.527037344458132,0.4406865418742688,0.972199737838461,0.4610340733850766
SAMEA3136669,0.15215621035629856,0.025897802007255,0.14443569783031157,0.38249749020460366,0.10244646431023001,0.16315696800889737
SAMEA3136670,0.3577128929910516,0.039215780650000254,0.1637526556780628,0.3799178801382108,0.05465537448727308,0.5340085441380817
SAMEA3136671,0.5056136267770598,0.3182948065790659,0.4266922064913096,0.3688073275558409,0.12360716097350369,0.48608530777792014
SAMEA3136672,0.37470595997653344,0.12845066155443893,0.2417928105416502,0.2747771037140236,0.3591219147034518,0.16787861484737623
SAMEA3136673,0.2738700232988564,0.03999391668243709,0.16241811459862573,0.30568442418476455,0.05147633894351233,0.12870240897668656
SAMEA3136674,0.41225253492392316,0.0991915454323958,0.4655674866067724,0.4422230107613094,0.14583102283803553,0.44753000598381115
SAMEA3136675,0.24036388236428352,0.039100873322773406,0.18066951377848145,0.18196271865553143,0.13426141281563705,0.14253985425129775
SAMEA3136676,0.2315651663798886,0.10456152320732155,0.2612447381683887,0.27374382352198035,0.05640361567847153,0.09085629302398358
SAMEA3136677,0.1545091282045463,0.0182898813895765,0.4368863053721193,0.38796432628661653,0.5045056305600479,0.3137767287040663
SAMEA3136678,0.2043789837398088,0.18663945922148933,0.11653502103465868,0.3623588601945372,0.03910278554017695,0.17357019310036767
SAMEA3136679,0.11894013382296005,0.00638860615431964,0.22964994857240684,0.3979726379106037,0.20582263437390688,0.16875008514786038
SAMEA3136724,0.7663142109121525,0.8904653597822726,0.7376558025787787,0.43175197206331106,0.5985200633526361,0.8091498509387021
SAMEA3136725,0.7577357115254494,0.9603864686238172,0.8515230676662497,0.4160380298043349,0.6881267015519841,0.6356256197639659
SAMEA3136726,0.6591429938950922,0.9425196123533105,0.8631412657640933,0.262156342216007,0.31587498784494283,0.6024226797298422
SAMEA3136727,0.6438882608250773,0.9999941365676968,0.6930746271289496,0.7518843855821838,0.7611863727091321,0.9596747435802464
SAMEA3136728,0.6886502909518634,0.54185414496116,0.40310181711466514,0.5444499338483295,0.6676572867352475,0.8962274167047921
SAMEA3136729,0.7926409510622382,0.8957586503524434,0.2712848207045494,0.5825988095172978,0.7818099752209146,0.5763753363214815
SAMEA3136730,0.26692451782102444,0.9857136895720405,0.6555115117678864,0.3501719124863638,0.5631426684861828,0.47890457084683913
SAMEA3136731,0.6217951484789436,0.9654735836633153,0.3215677006268366,0.356505880416225,0.5899518492103024,0.5228864399994951
SAMEA3136732,0.8006697484566689,0.9842471740172698,0.7081077362211909,0.4763896484542648,0.7026978230372262,0.635375934815927
SAMEA3136733,0.10661214629770434,0.5153131145024765,0.3266065968427335,0.31329195768258317,0.2194831527618489,0.2627388664333718
SAMEA3136734,0.6153210613394131,0.9999998875807823,0.7148298640249374,0.44084793386824206,0.5411199218252247,0.5940870930231125
SAMEA3136735,0.4508285577878319,0.801662290576699,0.4467851317930913,0.5047765453660439,0.7683938530301608,0.4260139754825954
SAMEA3136736,0.3099829682290671,0.7892525679211022,0.2868799968323641,0.5121737005888689,0.6794907389868637,0.4493402507488029
SAMEA3136737,0.049087304936420634,0.9171159244416109,0.3583535782378525,0.3817602820427628,0.479074990893049,0.34973075597910586
SAMEA3136738,0.21104590323928224,0.8532789779545193,0.872413685235394,0.2916538664397431,0.23281707675078214,0.17133680531196738
SAMEA3136739,0.344593546457098,0.7758124807509723,0.3853430660818492,0.5843928979064236,0.7306670304304248,0.7174752207183295
SAMEA3136740,0.7422168939566546,0.9883751104587105,0.48782437963188363,0.6371658096676136,0.8880206263553805,0.7918132615286604
SAMEA3136741,0.7729249550546026,0.9369666120620561,0.5393361223912744,0.4429207802575693,0.8673726554248251,0.7488986758851056
SAMEA3136742,0.22130609749963592,0.6198372125401274,0.589723929135655,0.3657902535072854,0.78274370125997,0.3539106951277084
SAMEA3136743,0.28402248991743784,0.8433185941020621,0.2932926936035754,0.41878549903574697,0.5815564022555172,0.5774463720459163
SAMEA3136744,0.6927073450487332,0.34635846697107986,0.8942904622030957,0.4828727964881444,0.9733073626357259,0.8038997521791188
SAMEA3136745,0.906979269174425,0.7776723562797407,0.9205845583334655,0.6134457481657332,0.9746044120304019,0.9772428226411602
SAMEA3136746,0.2135745717388824,0.7676680616304552,0.49449626378511885,0.322340280752092,0.10889760570701874,0.508902163637376
SAMEA3136747,0.24789111550333154,0.05350499566568291,0.5210702304417926,0.3074640669467944,0.5065430920651592,0.32203826595046864
SAMEA3136748,0.19327133456861248,0.053242579020051195,0.10482012673757837,0.27817474224584066,0.15639122124120583,0.07179519964407016
SAMEA3136749,0.5067848060477228,0.8659564478998147,0.15886083232710024,0.4779890456375717,0.4117114424601487,0.26079661816907695
SAMEA3136750,0.17567578504455286,0.058142339422742086,0.20804438176092033,0.28226636499218893,0.13931269255916398,0.074910726083389
SAMEA3136751,0.5255982163539525,0.9444276607580996,0.6681030167621756,0.41398724183621644,0.49373991743663953,0.7802008428581558
SAMEA3136752,0.7767752130302091,0.9734987163572277,0.6774424946581057,0.31349074163665674,0.9156508324663477,0.8491502074517402
SAMEA3136753,0.8698885182168986,0.5429166624268734,0.4365669167618949,0.39360125816459374,0.4855584755871949,0.7800817304017652
SAMEA3136754,0.650088046653464,0.13084338389015737,0.4243491411348985,0.21421874433438495,0.41193882601048704,0.4998056445291555
SAMEA3136755,0.23110763523234293,0.9966177394708892,0.5296952582490642,0.37619688891081476,0.31282125354839635,0.36495015372905826
SAMEA3136756,0.5805740024667213,0.505572778410419,0.49491610648025397,0.19975193759660448,0.3656053378811574,0.27561866140262825
SAMEA3136757,0.24520621928586703,0.9669843481385334,0.44743864400241895,0.3889715131116927,0.16741910250490674,0.1876873151319113
SAMEA3136758,0.3477076337984844,0.524909970278662,0.4025938227807626,0.3265839519467667,0.5215401602612245,0.38582044235958846
SAMEA3136759,0.8381748130084012,0.9999976435779621,0.8102245815182424,0.35800925793559246,0.8002890310573373,0.7987139249016667
SAMEA3136760,0.6915083243296899,0.9983101514032118,0.7201279087871135,0.6346581086101886,0.8130653588032152,0.7462217295497111
SAMEA3136761,0.4637740985523643,0.7694510258022862,0.8349662330200398,0.5921879780610716,0.9808088214255888,0.9267402946654002
SAMEA3136762,0.8801519312069886,0.6836178334974582,0.4653009480443781,0.39716057008498695,0.7783143570306668,0.7650546467798376
SAMEA3136763,0.9116392398326871,0.9999998999268225,0.8170098543994591,0.6900769152054478,0.8138673809729349,0.944430887177225
SAMEA3136764,0.6200153420354242,0.137385722105128,0.6839476609196249,0.34116871124045123,0.8279822034702882,0.7341010522694869
SAMEA3136765,0.5577630623490263,0.9975161240166358,0.660873209305318,0.4743548460163509,0.6383844622898784,0.67355104268546
SAMEA3136766,0.5835256347028926,0.9937250209065629,0.4627722893845616,0.5241882585774814,0.5664523208068982,0.41593633922008194
SAMEA3136767,0.5033642066767667,0.7019484088284701,0.6234472387797567,0.5405415500133791,0.7174922593604954,0.6586848959578546
SAMEA3136768,0.8475683674588428,0.9660006243731705,0.7991582372235189,0.4015972362608617,0.9655868509063077,0.7687856032829207
SAMEA3136769,0.47457763365957084,0.4991278613518409,0.6668076953022773,0.4632799651043587,0.8710574391538494,0.5865690554910117
SAMEA3178936,0.39229913158077806,0.42902404736042127,0.18605122024659174,0.3487390345279887,0.6084133847628682,0.25580885547693977
SAMEA3178937,0.46227501994577225,0.042022981318864734,0.1797100007446162,0.2505835208416907,0.11973702835600088,0.2324919384541895
SAMEA3178938,0.39061941164427055,0.8483842626175451,0.5889034386473486,0.3822899655324204,0.7877124260835774,0.6538199640724434
SAMEA3178939,0.5079415280707618,0.18697723500160474,0.2712538912937132,0.37410899259961333,0.19138256271888554,0.30018805722724373
SAMEA3178940,0.14039877482198165,0.05190093762139033,0.6254149121773191,0.43397044791224765,0.9609011796321807,0.6940368743500538
SAMEA3178943,0.43596176292111927,0.4640954820214258,0.22686277858696016,0.21096609365255442,0.3983831426107994,0.42903764282546186
